epoch (ms),time (-07:00),elapsed (s),X-Axis (g),Y-Axis (g),Z-Axis (g)
1612373623877,2021-02-03T17:34:36.900Z,-0.342,-0.7937525510787964,-0.055362097918987274,0.5899401307106018
