epoch (ms),time (-07:00),elapsed (s),X-Axis (T),Y-Axis (T),Z-Axis (T)
1612373623856,2021-02-03T17:34:36.900Z,-0.363,12.338141441345215,39.05448532104492,-53.57211685180664
