epoch (ms),time (-07:00),elapsed (s),X-Axis (deg/s),Y-Axis (deg/s),Z-Axis (deg/s)
1612373623848,2021-02-03T17:34:36.899Z,-0.371,-0.26891806721687317,0.3533458411693573,-0.13602252304553986
